Ag	Cu	velocity	x	y	filename
0.237	0.141	0.0525	800	800	quasi-real_800x800x240_vol_conc_DLR_SE_scaled_V_0,0525_SS01_SN01-v2
0.2433	0.1347	0.079125	800	800	quasi_real_800x800x260_V_0_079125_SS04_SN03
0.237	0.141	0.051285	800	800	quasi-real_800x800x260_vol_conc_DLR_SE_scaled_V_0_051285_SS01_SN06
